Name ,Link
Geeksforgeeks,https://www.geeksforgeeks.org/
Hackerrank,https://www.hackerrank.com/
Hackerearth,https://www.hackerearth.com/
Leetcode,https://leetcode.com/problemset/
Topcoder,https://www.topcoder.com/
Codeforces,https://codeforces.com/
CodeChef,https://www.codechef.com/
Project Euler,https://projecteuler.net/
Code wars,https://www.codewars.com/
Sql police departmant,https://sqlpd.com/
Kaggle,https://kaggle.com/
Atcoder,https://atcoder.jp/
CodinGame,https://www.codingame.com/start/
Exercism,https://exercism.org/
